exp_type,MAE,RMSE,MAPE
Bills,472700.33436739177,588980.8091260042,47.91997285315631
Entertainment,492642.4363362605,571061.6899342153,65.26746086970981
Food,384305.5724315422,479171.6537606704,33.211670060095514
Fuel,462044.0481966541,563596.818138591,75.66202245967338
Grocery,403545.56756559206,496824.1381243529,42.08691275225704
Travel,179802.2204519829,221189.4244057275,715529071960595.2
