exp_type,MAE,RMSE,MAPE
Bills,2622916.1499999994,3268149.657897221,78.87723949434185
Entertainment,1461940.35,2107355.755834839,34.70869059451685
Food,1792248.15,2332583.581453026,33.9971766035013
Fuel,2258668.95,2598994.517233929,41.515327358325024
Grocery,1529556.1,2024075.4264936373,29.29205212787787
Travel,528722.65,662072.4740647615,43.297796631931305
