MAE,RMSE,MAPE,VAL_MAPE
1004108.4111762913,1282119.7328020802,16.845706520042736,22.604004724278575
