MAE,RMSE,MAPE
1699008.725,2304079.368793164,43.614713801749026
